file,condition,task,trial,judge_model,analytical_depth_score,logical_coherence_score,novelty_score,self_correction_score,structural_organization_score,precision_score,analytical_depth_reason,logical_coherence_reason,novelty_reason,self_correction_reason,structural_organization_reason,precision_reason,composite_6d,composite_5d,judge_tokens,elapsed
raw_A_HiStr_HiCon_T1_000.json,A_HiStr_HiCon,T1,0,gemini-2.5-flash,5,5,4,5,5,4,複数層のメカニズム（弁別、注意焦点化、圧縮、生産的ノイズ）を特定し、それらの因果関係と相互作用を詳細に説明しているため。,問いから結論、反駁まで一貫した論理構造で議論が展開され、各フェーズが前のフェーズに基づいて構築されているため。,既存の知見を「弁別の強制」や「効率的な情報利用としての圧縮」といった複数の視点から体系的に整理し、メカニズムを深く掘り下げているため。,強力な反駁を提示し、それを受けて主要なメカニズム説明を修正し、結論で明確な限界と未解明な点を提示しているため。,Phaseごとの明確な区分け、箇条書きや太字の適切な使用により、非常に整理された論理構造が示されているため。,「逆U字関係」や「48Kトークン」、「LEAPの例」といった具体的な概念や事例を挙げ、メカニズムを詳細かつ具体的に説明しているため。,4.667,4.6,3370,13.6
raw_A_HiStr_HiCon_T1_001.json,A_HiStr_HiCon,T1,1,gemini-2.5-flash,5,5,4,5,5,5,複数層のメカニズム（弁別強制、注意の焦点化、情報保持率向上）を特定し、認知負荷の概念を用いて因果関係を深く掘り下げている。,問いの設定から要素分解、メカニズム提案、反駁、結論まで、各フェーズが論理的に繋がり一貫した議論を展開している。,既存の知見を「条件付き弁別強制による注意の調整と最適化」という独自のフレームワークで再構築し、新しい解釈を提供している。,最も強い反論を自ら構成し、その反論をメカニズムの適用範囲とリスクの理解に統合することで、自己批判的に議論を深めている。,明確な5段階のフェーズ構造と各フェーズ内の小見出しにより、論理が非常に整理され、有機的に統合されている。,各要素の定義、メカニズムの段階、限界と条件が具体的かつ専門用語を適切に用いて精密に記述されている。,4.833,4.8,3802,11.35
raw_A_HiStr_HiCon_T2_000.json,A_HiStr_HiCon,T2,0,gemini-2.5-flash,5,5,4,5,5,5,LLMの能力展開に関する複数の因果メカニズム（確率的最適化、手続き的知識の外部誘導性、内部コストモデル、情報アクセス制約）を特定し、それらの複合的な作用を詳細に分析している。,境界設定から要素分解、メカニズム特定、反駁、収束、対策提案へと、一貫した論理的フレームワークで議論が展開されており、各主張が前のフェーズの定義や前提に基づいている。,既存の知見を基盤としつつ、「合成パターン」「内部コストモデル」「外部誘導性」といった概念を用いて「休眠する才能」のメカニズムを体系的に整理・統合しており、深い洞察を提供している。,Phase 4で自身の分析に対する最も強い反論を明確に構成し、その反論をPhase 5の結論に統合することで、議論の深さと頑健性を高めている。,明確な5つのフェーズに分かれ、各フェーズ内で箇条書きや太字を効果的に使用し、論理的な流れと視覚的な整理が両立しており、全体が有機的に統合されている。,具体的な数値（例: 28種のスキル、94.28%のショートカット率）、現象（Lost-in-the-Middle）、プロンプティング手法（CoT、Few-shot）を豊富に用い、各概念も明確に定義されており、非常に具体的で曖昧さがない。,4.833,4.8,4695,10.24
raw_A_HiStr_HiCon_T2_001.json,A_HiStr_HiCon,T2,1,gemini-2.5-flash,5,5,4,5,5,5,「休眠する才能」を4つの多層的なメカニズムに分解し、それぞれがどのように相互作用するかを詳細に説明しており、深層的な因果関係を明らかにしている。,境界設定から要素分解、メカニズム特定、反駁、収束へと、各フェーズが論理的に一貫し、前のフェーズの成果が次のフェーズに有機的に接続されている。,「休眠する才能」という既存の概念を、「合成の忘却」や「能力層のミスマッチ」といった独自の視点からメカニズムとして体系化し、特にメタ認知の欠如を根源的な原因として深く掘り下げている。,最も強い反論を自ら構成し、それが分析の核心である「自律的活性化・メタ認知の欠如」の重要性を補強・深化させる形で結論に統合されており、自己批判的思考が非常に優れている。,Phase 1からPhase 5まで、明確な段階と目的を持った構造が非常に優れており、各セクションが論理的に配置され、全体として有機的に統合されている。,「28種類以上の認知スキル」「94.28%のショートカット率」「170K推論トレース分析」など、具体的な数値、研究、概念、事例を豊富に引用し、議論が非常に具体的で曖昧さがない。,4.833,4.8,5175,9.53
raw_B_HiStr_LoCon_T1_000.json,B_HiStr_LoCon,T1,0,gemini-2.5-flash,5,5,4,5,5,4,LLMの注意機構、幻覚、ロバストネスといった内部メカニズムにまで踏み込み、ノイズがこれらに与える影響を多層的に分析しています。,問いの範囲設定から要素分解、メカニズムの提案、反駁、そして結論に至るまで、一貫した論理構造で議論が展開されています。,ノイズが精度を向上させるという逆説的な現象に焦点を当て、正則化効果や幻覚抑制といったメカニズムを提示している点は独自の視点を含みます。,最も強い反論を具体的に構成し、その反論を受けて当初のメカニズムが特定の条件下でのみ有効であることを明確に修正・統合しています。,「Phase 1 — 境界設定」から「Phase 5 — 収束」まで、明確な段階的構造で分析が進められ、各フェーズが有機的に統合されています。,主要な用語は明確に定義され、LLMの挙動やメカニズムの説明も具体的で曖昧さがなく、反論も具体的な現象を挙げています。,4.667,4.6,4189,8.32
raw_B_HiStr_LoCon_T1_001.json,B_HiStr_LoCon,T1,1,gemini-2.5-flash,4,5,5,5,5,4,LLMの内部挙動（注意の分散、過学習抑制など）と検索システムの不完全性という複数層のメカニズムを特定し、詳細に説明している。,境界設定から収束まで、各フェーズが論理的に繋がり、全ての主張が明確な根拠に基づいている。,ノイズがRAGの精度向上に寄与する可能性という逆説的な現象に対し、LLMの内部挙動に基づく複数の独自のメカニズムを提案している。,提案に対する最も強い反論を具体的に構成し、その反論を最終的な結論と残余に完全に統合している。,明確なフェーズ分けと論理的な流れにより、議論全体が非常に構造化され、有機的に統合されている。,専門用語を適切に用い、各メカニズムの説明は具体的で曖昧さが少ないが、数値や具体的な事例の提示はない。,4.667,4.6,4364,12.84
raw_B_HiStr_LoCon_T2_000.json,B_HiStr_LoCon,T2,0,gemini-2.5-flash,5,5,4,5,5,4,複数層のメカニズム（要素分解、主要メカニズム、相互作用、負のスパイラル）を特定し、各層間の関係性を明確に示している。,境界設定から要素分解、メカニズム特定、反駁、収束へと、全主張が前の段階を根拠に論理的に一貫して展開されている。,既存の課題を「休眠する才能」というフレームワークで統合し、特に反駁で提示された「人間側の創造性・想像力の不足」という視点を統合することで、既存議論を拡張する洞察を提供している。,分析の核心を揺るがしかねない強力な反論を構成し、それを最終的な結論に有機的に統合することで、分析の頑健性を高めている。,明確なフェーズ分けとサブセクションにより論理的に構造化されており、各部分が有機的に統合され、非常に読みやすい。,「休眠する才能」の定義から始まり、阻害要因やメカニズムを具体的なサブ要素に分解し、概念の曖昧さがなく明確に記述されている。,4.667,4.6,4635,13.19
raw_B_HiStr_LoCon_T2_001.json,B_HiStr_LoCon,T2,1,gemini-2.5-flash,5,5,4,5,5,4,問いから始まり、要素分解、メカニズム特定、反駁を経て、技術的制約、過渡期の障壁、人間の意欲という三層の複合メカニズムを特定し、その相互作用を深く分析している。,Phase 1からPhase 5まで、問いの設定から結論導出、対策提示に至るまで、全ての主張が前のフェーズの分析に基づき、論理が途切れることなく一貫して展開されている。,LLMの展開阻害要因に関する既存の議論を整理しつつ、「過渡期の課題」と「人間の想像力・変革意欲の不足」を真の休眠原因として強調する視点は、既存議論に独自の洞察を加えている。,Phase 3の主要な主張に対する強力な反論を自ら構成し、その反論を真摯に受け止めて結論を修正・深化させるプロセスが非常に効果的に機能している。,明確なフェーズ分けと各フェーズの役割が明確であり、要素分解からメカニズム特定、反駁、収束へと有機的に統合された論理構造を持つ。,LLMの技術的特性、導入課題、社会的側面、対策などが具体的に記述されており、概念的な曖昧さは少ないが、数値や具体的な事例による精密な議論は限定的である。,4.667,4.6,4694,13.05
raw_C_LoStr_HiCon_T1_000.json,C_LoStr_HiCon,T1,0,gemini-2.5-flash,5,5,4,5,5,5,複数のメカニズムを特定し、LLMの内部動作、認知科学、情報理論といった多角的な視点から深く掘り下げて分析している。,導入から結論まで一貫した論理構造を持ち、各主張は明確な根拠によって支えられている。,既知の現象に対し、既存研究の知見を多角的に統合し、新たな解釈と深い洞察を提供している。,「限界と条件」セクションで、ノイズの量や質、モデルの能力など具体的な限界要因を提示し、自己の主張の適用範囲を明確にしている。,明確なセクション分けと小見出し、箇条書きが効果的に使われ、論理的な流れが非常に分かりやすい。,「カクテルパーティ効果」や「OP-RAGの研究」といった具体的な事例や研究名、数値が引用され、議論が非常に具体的で精密である。,4.833,4.8,2398,11.34
raw_C_LoStr_HiCon_T1_001.json,C_LoStr_HiCon,T1,1,gemini-2.5-flash,5,5,4,4,5,4,複数のメカニズムを特定し、それぞれが精度向上に寄与する因果関係を深く掘り下げて説明しており、各層間の関係性も示唆されている。,各主張は明確な根拠に支えられ、全体として論理的な飛躍や矛盾がなく一貫している。,既存の知見を基盤としつつも、複数のメカニズムを統合し、特定の現象に対する新しい解釈やフレームワークを提供している。,「限界と最適点の存在」というセクションで、ノイズの量による逆U字関係や計算コストの増加といった重要な限界を明確に指摘し、議論に統合している。,導入、番号付きのメカニズム説明、限界、結論という明確な構造を持ち、各セクションが中心テーマに沿って有機的に統合されている。,「約48Kトークン」という具体的な数値や、人間の認知との類推、LEAP研究への言及など、具体的な説明が多く、曖昧さが少ない。,4.5,4.4,2599,10.8
raw_C_LoStr_HiCon_T2_000.json,C_LoStr_HiCon,T2,0,gemini-2.5-flash,0,0,0,0,0,0,分析対象となるテキスト内容が全く存在しないため、深層分析の有無を評価できません。,議論や主張が一切ないため、論理構造の一貫性を評価できません。,独自の洞察を示す内容が全く存在しないため、新規性を評価できません。,自己の限界認識や反論を考慮する内容が一切ないため、自己批判性を評価できません。,テキストが空であるため、論理的な構造や組織化を評価できません。,主張が全く存在しないため、その具体性や曖昧さの有無を評価できません。,0.0,0.0,728,4.17
raw_C_LoStr_HiCon_T2_001.json,C_LoStr_HiCon,T2,1,gemini-2.5-flash,5,5,5,1,5,5,LLMの内部要因と外部要因に分け、それぞれを複数のサブメカニズムに分解し、各層間の関係性を深く分析している。,導入から結論まで、問題提起、定義、原因、対策が明確な論理構造で一貫しており、各主張が研究結果やデータで裏付けられている。,「休眠する才能」という概念を提唱し、「合成パターン」の欠如という独自の視点から既存の複数のLLM現象を統合・解釈し、議論を拡張している。,自身の分析や提案の限界、あるいは反論について言及がなく、自己批判的な視点が見られない。,明確なセクション分けと階層構造を持ち、原因と対策が密接に連携しており、非常に有機的に統合されている。,「28種類の認知スキル」「最大60%の性能改善」「94.28%のショートカット率」など、具体的な数値、研究結果、事例、定義を多用し、曖昧さがない。,4.333,4.2,3676,12.85
raw_D_LoStr_LoCon_T1_000.json,D_LoStr_LoCon,T1,0,gemini-2.5-flash,5,5,4,5,5,4,5つの主要メカニズムを特定し、それぞれについてLLMやリトリーバーの具体的な挙動にまで踏み込んで、複数層の因果関係を詳細に分析している。,導入から各メカニズムの説明、注意点、まとめまで、一貫した論理で構成されており、全ての主張が明確な根拠に支えられている。,既存の知見をRAGシステムにおける特定の現象に結びつけ、LLMの挙動と多角的に関連付けて体系的に説明しており、単なる既知の要約を超えた深い洞察と再構築が見られる。,「ただし、注意点も多い」というセクションで、具体的なデメリットや限界を明確に指摘しており、自らの主張に対する強力な反論を提示し、議論のバランスを取っている。,導入、5つの主要メカニズム、注意点、まとめという明確な構造を持ち、各セクションが論理的に配置され、有機的に統合されている。,「Hard Negative Mining」や「Lost in the Middle」といった専門用語を適切に用い、LLMやリトリーバーの具体的な挙動を説明しており、概念的な曖昧さが少ない。,4.667,4.6,2289,11.12
raw_D_LoStr_LoCon_T1_001.json,D_LoStr_LoCon,T1,1,gemini-2.5-flash,5,5,5,5,5,4,複数のメカニズム（幻覚抑制、バイアス緩和、注意メカニズム、推論能力活性化、検索システム補完）を特定し、それぞれをサブメカニズムに分解してLLMの特性とRAGの文脈で深く分析している。,導入で提示された現象に対し、各セクションでLLMの既知の特性やRAGの文脈に基づいた具体的な理由が論理的に展開され、一貫性が保たれている。,RAGにおける無関係な文書の意図的な混入による精度向上という現象に対し、「過信の抑制」「バッファ」「コントラスト効果」「正則化効果」といった多角的な視点からLLMの内部挙動を深く考察し、既存の議論を拡張している。,結論部分で、この現象が「デリケートなバランスの上に成り立つ例外的なケース」であり、一般的にはリスクが高いことを明確に指摘し、議論の限界と注意点を適切に提示している。,導入、複数の理由（5つの主要なセクション）、結論という明確な構造を持ち、各セクションが番号と見出し、箇条書きで整理され、全体として有機的に統合されている。,数値や具体的な実験事例は含まれないものの、「幻覚」「過信の抑制」「バッファ」「コントラスト効果」「Lost in the Middle」「正則化」といった専門用語や概念を用いて、LLMの挙動とメカニズムを具体的に説明し、曖昧さが少ない。,4.833,4.8,2386,11.97
raw_D_LoStr_LoCon_T2_000.json,D_LoStr_LoCon,T2,0,gemini-2.5-flash,4,5,2,1,5,5,主要な原因と対策を5つのカテゴリに分類し、それぞれを複数の具体的な要因や技術に分解して深く分析している。,導入から結論まで、問題提起、定義、原因分析、対策提案という一貫した論理構造を持ち、各主張は具体的な説明によって裏付けられている。,既存のLLMに関する課題と対策を網羅的かつ体系的にまとめているが、画期的な新しい視点や独自の洞察は限定的である。,自身の分析や提案の限界、あるいは反論を考慮する記述は見られない。,明確な導入、定義、原因、対策、結論という大枠に加え、原因と対策のセクションが共通のカテゴリで細分化されており、非常に論理的で分かりやすい構造を持つ。,「休眠する才能」の具体的な定義、数値データ、専門用語、技術名、制度名、具体的な事例を豊富に用いており、非常に精密な議論が展開されている。,3.667,3.4,4404,10.77
raw_D_LoStr_LoCon_T2_001.json,D_LoStr_LoCon,T2,1,gemini-2.5-flash,4,5,2,1,5,4,多岐にわたる課題を技術的、倫理的、経済的など複数の層に分け、それぞれの原因と影響、具体的な対策を深く掘り下げて分析している。,導入から原因分析、対策、結論まで、一貫した論理構造で展開されており、各主張が明確な根拠に支えられ論理の飛躍がない。,「休眠する才能」という比喩は興味深いが、提示されている課題と対策はLLMに関する既存の議論を網羅的に整理したものであり、画期的な独自の洞察は少ない。,本分析は特定の主張に対する反論や、自身の分析の限界について言及する性質のものではないため、自己修正の要素は含まれていない。,序論、原因、対策、結論という明確な大枠に加え、原因と対策がパラレルな6つの大項目と多数の小項目で構成され、非常に論理的かつ視覚的に整理されている。,ハルシネーション、RAG、GDPR、EU AI Act、LangChainなど、具体的な技術名、法規制、概念を多数引用し、詳細かつ明確な議論が展開されている。,3.5,3.2,5014,11.71
